first_seen_at,module,version
2026-09-26T16:20:07.254361Z,github.com/Vexu/arocc,v0.0.0-20260926085707-393207386481
2026-09-26T16:20:21.537399Z,github.com/dictyBase/modware-content,v0.0.0-20260926161557-c02b4ae46d43
2026-09-26T16:20:22.003282Z,github.com/dictyBase/graphql-server,v0.0.0-20260926160516-4314af2ec0b7
2026-09-26T16:20:23.213525Z,github.com/dictyBase/modware-annotation,v0.1.0
2026-09-26T16:20:25.291636Z,github.com/dictyBase/modware-stock,v0.0.0-20260926160840-bf52343fd526
2026-09-26T16:20:27.44961Z,github.com/dictyBase/modware-order,v0.0.0-20260926160444-285f40aa9a00
2026-09-26T16:20:34.242894Z,github.com/Tencent/BqLog,v0.0.0-20260604134647-24ec41a5b200
2026-09-26T16:20:42.409498Z,github.com/Tencent/caelus,v1.0.1-0.20211110021801-6026486169c4
2026-09-26T16:20:45.198138Z,github.com/dictybase/modware-annotation,v0.1.0
2026-09-26T16:21:23.136681Z,github.com/git-town/git-town/tools/format_unittests,v0.0.0-20260926134051-2fabf99bfd18
2026-09-26T16:21:23.362513Z,github.com/git-town/git-town/tools/format_self,v0.0.0-20260926134051-2fabf99bfd18
2026-09-26T16:21:23.732608Z,github.com/git-town/git-town/tools/stats_release,v0.0.0-20260926134051-2fabf99bfd18
2026-09-26T16:21:32.508734Z,github.com/DidierStevens/Beta,v0.0.0-20260924043741-4de223628ef0
2026-09-26T16:21:33.626202Z,github.com/Di0ks/go-programming-labs,v0.0.0-20260923063354-68a3dc63adfb
2026-09-26T16:21:36.959112Z,github.com/pablo-botella/kvany,v0.0.1
2026-09-26T16:21:48.786132Z,github.com/DidierStevens/DidierStevensSuite,v0.0.0-20260923073044-b248e9aabac4
2026-09-26T16:22:06.821537Z,github.com/Tencent/Hippy,v0.0.0-20230411091443-815b8f64ca98
2026-09-26T16:22:37.883096Z,github.com/pg9182/tf2vpk,v0.0.0-20250216001427-b73c54d8e424
2026-09-26T16:22:56.222487Z,github.com/luoxueyousheng/JadeViewGo/v2,v2.4.3
2026-09-26T16:24:03.00524Z,github.com/diegoclair/go_boilerplate,v0.0.0-20260923035103-7b53cf885498
2026-09-26T16:24:03.468475Z,github.com/diegoclair/go-boilerplate,v0.0.0-20260923035103-7b53cf885498
2026-09-26T16:24:14.304624Z,github.com/luoxueyousheng/jadeviewgo/v2,v2.4.3
2026-09-26T16:24:33.204455Z,github.com/didierstevens/beta,v0.0.0-20260924043741-4de223628ef0
2026-09-26T16:24:34.15745Z,github.com/antonmedv/fx,v0.0.0-20260926161827-6b69712e2bbe
2026-09-26T16:25:09.134574Z,github.com/herano/ChickenRibs,v0.0.0-20260530055444-548820c50ebe
2026-09-26T16:25:09.679095Z,github.com/lmagyar/Orleans.Activities,v0.1.0
2026-09-26T16:25:33.302402Z,github.com/Tencent/LuaHelper/luahelper-lsp,v0.0.0-20230321050918-0ee1624b5479
2026-09-26T16:25:34.884472Z,github.com/Tencent/MMKV,v0.0.0-20220810063443-f58cf4b7e567
2026-09-26T16:25:37.282489Z,github.com/Tencent/LuaHelper,v0.0.0-20221123061633-cc916454171f
2026-09-26T16:25:40.126114Z,salsa.debian.org/postgresql/postgresql,v0.0.0-20260817081611-b52f75f70ba7
2026-09-26T16:25:41.723272Z,github.com/tencent/mmkv/POSIX/golang,v0.0.0-20210705024216-200b4decfb47
2026-09-26T16:25:42.465256Z,github.com/Tencent/MMKV/POSIX/golang,v0.0.0-20210119075631-ce2600b0af74
2026-09-26T16:25:50.598808Z,github.com/archtechx/tenancy,v3.7.5-0.20260921083956-34438f916bc0+incompatible
2026-09-26T16:25:54.741713Z,github.com/ros/bond_core,v0.0.0-20250123211359-0147686f6cd6
2026-09-26T16:26:15.148432Z,github.com/lmagyar/orleans.activities,v0.1.0
2026-09-26T16:26:15.465677Z,github.com/ros/diagnostics,v0.0.0-20240627115839-f757c6a624cf
2026-09-26T16:26:32.290332Z,github.com/Tencent/secguide,v0.0.0-20210802074328-401f36164764
2026-09-26T16:26:33.58077Z,github.com/Tencent/puerts,v1.0.14-0.20250610035500-7afd50238baa
2026-09-26T16:26:35.300344Z,github.com/Tencent/omi,v7.3.9-0.20231201033613-2d7a1fd57665+incompatible
2026-09-26T16:26:40.457112Z,github.com/diegoxa/drone-voyage,v0.0.0-20260921125005-aa4bd75651ba
2026-09-26T16:26:42.102515Z,github.com/Tencent/spring-cloud-Tencent,v0.0.0-20220704044823-e5f7a75e099f
2026-09-26T16:26:54.009906Z,github.com/diehlabs/terraform-gitlab-config,v0.0.3
2026-09-26T16:27:19.567176Z,github.com/diennea/carapaceproxy,v2.3.1+incompatible
2026-09-26T16:27:25.11226Z,github.com/diepfote/golang-tools/sync-video-syncer-mpv-watch-later-files,v0.0.0-20260924111253-3f8692f2a0ed
2026-09-26T16:27:25.809028Z,github.com/diepfote/golang-tools,v0.0.0-20260924111253-3f8692f2a0ed
2026-09-26T16:27:31.493504Z,github.com/Tencent/Tars,v1.9.1-0.20211020094239-5a00727991d3
2026-09-26T16:27:56.7529Z,github.com/Tencent/TBase,v2.0.1-0.20201204031909-7fbf9dc73066+incompatible
2026-09-26T16:28:15.190341Z,github.com/macwarrior/clipbucket-v5,v0.0.0-20260924135814-f15cef1a2431
2026-09-26T16:28:27.714582Z,github.com/antonmedv/FX,v0.0.0-20260926161827-6b69712e2bbe
2026-09-26T16:28:28.480389Z,github.com/Antonmedv/FX,v0.0.0-20260926161827-6b69712e2bbe
2026-09-26T16:28:34.170564Z,github.com/Antonmedv/fx,v0.0.0-20260926161827-6b69712e2bbe
2026-09-26T16:28:38.080365Z,github.com/tencent/omi,v7.7.1-0.20260924073705-992bd6780118+incompatible
2026-09-26T16:28:42.075207Z,github.com/wenrh2004/mdflow/extension/gfm,v0.0.0-20260926155215-077e27bdff76
2026-09-26T16:28:46.04084Z,github.com/dbut2/sapphire,v0.3.0-dev.85e5da1
2026-09-26T16:28:46.985131Z,github.com/wenrh2004/mdflow,v0.0.0-20260926155215-077e27bdff76
2026-09-26T16:28:51.169634Z,github.com/entigolabs/entigo-infralib-agent,v1.14.1
2026-09-26T16:29:42.382354Z,github.com/Datera/go-udc,v0.0.0-20180921153209-6185d7b11da5
2026-09-26T16:30:40.957022Z,github.com/aldouus/catwalk,v0.52.0-fork.0.20260926163002-57ee3dce536d
2026-09-26T16:30:42.225056Z,github.com/tencent/tars,v3.0.21-0.20260718073352-1f6167b0f691+incompatible
2026-09-26T16:30:49.772919Z,github.com/kubernetes-csi/csi-test,v0.3.0-1.0.20180926162550-8d5ae90b06d6
2026-09-26T16:31:14.967725Z,github.com/aldouus/fantasy,v0.0.0-20260926163012-74b4516c6ab1
2026-09-26T16:31:37.523339Z,github.com/M3DB/m3,v1.6.0
2026-09-26T16:31:40.652374Z,github.com/alesierraalta/tpp,v0.4.0
2026-09-26T16:32:19.285964Z,github.com/mr-jones123/sesh,v0.0.0-20260926163045-d213ed77fe85
2026-09-26T16:32:30.948105Z,github.com/pendo-io/gomemcache,v0.0.0-20210929142841-13b2b0fabeca
2026-09-26T16:32:44.175281Z,github.com/dgs-ai-team/dagents/shared/config,v0.0.0-20260923050631-c3c5a4cea21c
2026-09-26T16:32:49.002903Z,github.com/tencent/tbase,v2.3.1-0.20250707125820-128d47502476+incompatible
2026-09-26T16:32:50.757499Z,github.com/nathants/go-dynamolock,v0.0.0-20260926163104-7b16c2d48121
2026-09-26T16:32:58.442914Z,github.com/digitalservicebund/kern-ux-tailwind-theme,v4.0.0+incompatible
2026-09-26T16:33:01.724265Z,github.com/shuchkin/SimpleXLSX,v0.0.0-20220204220255-0152af35091c
2026-09-26T16:33:15.429809Z,github.com/rancher-sandbox/opni-otel-collector,v0.1.2
2026-09-26T16:33:32.511694Z,github.com/optimizing-ci-builds/JSONPath,v0.0.0-20220510135323-3f4900d6e736
2026-09-26T16:33:34.05879Z,github.com/diffblue-benchmarks/JSONPath,v0.0.0-20190123125901-669c93500653
2026-09-26T16:33:40.202081Z,github.com/tclh123/code,v0.0.0-20140417094436-1cd566a004a7
2026-09-26T16:33:47.071531Z,go.miloapis.com/cosmos,v0.0.0-20260618172822-9fcbc60d1e25
2026-09-26T16:33:52.543593Z,github.com/Tencent/Tendis,v0.0.0-20221017060938-e6946b763922
2026-09-26T16:34:07.114046Z,github.com/Velocidex/yaml,v0.0.0-20220106153529-e0a3a015d3f5
2026-09-26T16:34:18.420205Z,github.com/optimizing-ci-builds/jsonpath,v0.0.0-20220510135323-3f4900d6e736
2026-09-26T16:34:22.464362Z,github.com/bigbuildbench/postalsys_imapflow,v0.0.0-20241127213417-1ba93849cf7c
2026-09-26T16:34:23.597841Z,github.com/paulSonOfLars/gotgbot,v0.0.0-20200103184348-7ae29654e65a
2026-09-26T16:34:45.877802Z,github.com/Tencent/wcdb,v2.0.4-0.20230806093034-0682f07ee11d+incompatible
2026-09-26T16:35:04.682814Z,github.com/livid/exe-stats,v0.1.0
2026-09-26T16:35:15.389241Z,github.com/diia-open-source/be-configs,v7.2.2+incompatible
2026-09-26T16:35:40.812272Z,github.com/flatgeobuf/flatgeobuf,v0.0.0-20260926084608-2a389ad5a01f
2026-09-26T16:36:36.599538Z,github.com/Aiven-Open/s3-connector-for-apache-kafka,v2.15.0+incompatible
2026-09-26T16:36:37.251163Z,github.com/Aiven-Open/http-connector-for-apache-kafka,v0.9.0
2026-09-26T16:36:37.261497Z,github.com/Aiven-Open/gcs-connector-for-apache-kafka,v0.13.0
2026-09-26T16:36:39.22837Z,github.com/Aiven-Open/commons-for-apache-kafka-connect,v3.4.3+incompatible
2026-09-26T16:36:39.657696Z,github.com/Aiven-Open/transforms-for-apache-kafka-connect,v1.7.0
2026-09-26T16:36:39.780241Z,github.com/Aiven-Open/bigquery-connector-for-apache-kafka,v2.15.0+incompatible
2026-09-26T16:36:40.996509Z,github.com/Aiven-Open/cloud-storage-connectors-for-apache-kafka,v3.4.3+incompatible
2026-09-26T16:36:41.072244Z,github.com/approvals/ApprovalTests.Java,v0.0.0-20260925201655-8e8a981deb84
2026-09-26T16:36:41.12407Z,github.com/Aiven-Open/jdbc-connector-for-apache-kafka,v6.12.0+incompatible
2026-09-26T16:36:44.084084Z,github.com/aeshell/aesh-readline,v3.18.3+incompatible
2026-09-26T16:36:45.010656Z,github.com/Aiven-Open/opensearch-connector-for-apache-kafka,v4.1.0+incompatible
2026-09-26T16:36:49.471602Z,github.com/Baqend/Orestes-Bloomfilter,v0.0.0-20240618091519-acd55532f292
2026-09-26T16:36:56.906845Z,github.com/jitsi/jigasi,v0.0.0-20260922154124-2f0afc23f6a3
2026-09-26T16:36:58.887383Z,github.com/davehorton/drachtio-srf,v5.0.29+incompatible
2026-09-26T16:36:59.240484Z,github.com/brendannee/node-gtfs,v0.0.0-20260823054831-007de4ffe73d
2026-09-26T16:36:59.485392Z,github.com/nebrelbug/eta,v4.6.0+incompatible
2026-09-26T16:37:00.014053Z,github.com/infusion/dhcp.js,v0.2.18
2026-09-26T16:37:00.177003Z,github.com/deliveredtechnologies/rulebook,v0.9.1
2026-09-26T16:37:00.2574Z,github.com/digitalpetri/ethernet-ip,v1.6.0
2026-09-26T16:37:00.295411Z,github.com/chralpha/memoh-twilight-ai,v0.0.0-20260924141546-9b7207ddd764
2026-09-26T16:37:03.117129Z,github.com/mde/jake,v12.10.1+incompatible
2026-09-26T16:37:04.700146Z,github.com/eclipse-serializer/serializer,v0.0.0-20260921153228-278d82cb946f
2026-09-26T16:37:07.666599Z,github.com/ebarlas/microhttp,v0.0.0-20250403051658-2e745ec4392f
2026-09-26T16:37:12.30072Z,github.com/gavlyukovskiy/spring-boot-data-source-decorator,v2.0.1+incompatible
2026-09-26T16:37:16.124776Z,github.com/GlenKPeterson/Paguro,v0.0.0-20241230221702-963e8ed91833
2026-09-26T16:37:17.145538Z,github.com/impossibl/pgjdbc-ng,v0.8.9
2026-09-26T16:37:17.628426Z,github.com/Guardsquare/proguard-core,v9.4.0+incompatible
2026-09-26T16:37:18.057207Z,github.com/instaclustr/esop,v1.0.10-SNAPSHOT
2026-09-26T16:37:18.468582Z,github.com/intoolswetrust/jd-cli,v0.0.0-20260914182419-f0b78f85af50
2026-09-26T16:37:19.268337Z,github.com/hydromatic/quidem,v0.0.0-20250428061048-4bf1b9209aaa
2026-09-26T16:37:19.334627Z,github.com/indeedeng/proctor,v0.0.0-20240710145938-e1bf26134d4f
2026-09-26T16:37:22.918952Z,github.com/indeedeng/util,v0.0.0-20240517211513-e1adf9fa1ad5
2026-09-26T16:37:24.224413Z,github.com/j256/simplemagic,v0.0.0-20260615223750-2b200df05485
2026-09-26T16:37:24.645259Z,github.com/dhruv-15-03/dhruv-15-03,v0.0.0-20260926162610-b4b113baa1c5
2026-09-26T16:37:26.017161Z,github.com/j256/ormlite-jdbc,v0.0.0-20251010161045-2aee20881377
2026-09-26T16:37:28.210016Z,github.com/INRIA/spoon,v11.5.1-beta-10+incompatible
2026-09-26T16:37:28.545798Z,github.com/java-native/jssc,v2.10.4+incompatible
2026-09-26T16:37:30.216124Z,github.com/ical4j/ical4j,v0.0.0-20260926145418-4c77af96c251
2026-09-26T16:37:30.589085Z,github.com/jfree/jfreesvg,v5.0.7+incompatible
2026-09-26T16:37:30.777218Z,github.com/j256/ormlite-core,v0.0.0-20250223003853-3fec51e04938
2026-09-26T16:37:35.352103Z,github.com/joestelmach/natty,v0.0.0-20170126044955-74389feb4c93
2026-09-26T16:37:41.717818Z,github.com/killbill/killbill-commons,v0.0.0-20260922225218-35aaa60c202f
2026-09-26T16:37:44.218621Z,github.com/leangen/geantyref,v1.2.0
2026-09-26T16:37:45.065607Z,github.com/lessthanoptimal/ddogleg,v0.25.3
2026-09-26T16:37:45.638023Z,github.com/lessthanoptimal/ejml,v0.46.1
2026-09-26T16:37:46.253352Z,github.com/llorllale/cactoos-matchers,v0.0.0-20260405153449-8740718fab50
2026-09-26T16:37:48.658494Z,github.com/lessthanoptimal/GeoRegression,v0.30.1
2026-09-26T16:37:48.735133Z,github.com/mangstadt/biweekly,v0.0.0-20250618201239-f699308b5a5c
2026-09-26T16:37:49.923916Z,github.com/md-5/SpecialSource,v0.0.0-20260921033149-e6b74a31af98
2026-09-26T16:37:51.657283Z,github.com/mangstadt/ez-vcard,v0.1.1
2026-09-26T16:37:52.266334Z,github.com/mfornos/humanize,v0.0.0-20161026183855-59fc103045de
2026-09-26T16:37:52.27658Z,github.com/maveniverse/nisse,v0.0.0-20260923182839-f8b8c1522b6f
2026-09-26T16:37:54.946601Z,github.com/moditect/layrry,v0.0.0-20230503095033-5d2e8294f2f9
2026-09-26T16:37:55.672509Z,github.com/mwanji/toml4j,v0.0.0-20240320101330-de99e5e70f95
2026-09-26T16:37:56.364103Z,github.com/nbbrd/java-io-util,v0.0.39
2026-09-26T16:37:56.426562Z,github.com/mokies/ratelimitj,v0.6.0
2026-09-26T16:37:58.236142Z,github.com/nbbrd/java-sql-util,v1.0.7
2026-09-26T16:37:58.885532Z,github.com/nbbrd/spreadsheet4j,v2.6.0+incompatible
2026-09-26T16:37:59.424652Z,github.com/nbbrd/picocsv,v2.6.0+incompatible
2026-09-26T16:37:59.704338Z,github.com/nbbrd/java-service-util,v2.1.0+incompatible
2026-09-26T16:37:59.897312Z,github.com/nbbrd/heylogs,v0.19.1
2026-09-26T16:38:00.585766Z,github.com/nbbrd/sdmx-dl,v3.2.0+incompatible
2026-09-26T16:38:01.209378Z,github.com/NetCrusherOrg/netcrusher-java,v0.0.0-20161206052857-f53388016800
2026-09-26T16:38:03.500402Z,github.com/sifive/wake,v51.0.0+incompatible
2026-09-26T16:38:06.977609Z,github.com/oblac/jodd-json,v6.0.3+incompatible
2026-09-26T16:38:06.978315Z,github.com/objectionary/eo,v0.0.0-20260926062657-862edeb73903
2026-09-26T16:38:07.408087Z,github.com/oblac/jodd-db,v6.0.0+incompatible
2026-09-26T16:38:07.759548Z,github.com/theQRL/qrllib,v1.3.1
2026-09-26T16:38:11.108755Z,github.com/oblac/jodd-petite,v6.0.2+incompatible
2026-09-26T16:38:12.960316Z,github.com/OpenHFT/Chronicle-Core,v0.0.0-20260922182757-4051f1a145f6
2026-09-26T16:38:12.961051Z,github.com/OpenHFT/Chronicle-Values,v0.0.0-20260922183421-018bb1aaf4e2
2026-09-26T16:38:14.51369Z,github.com/muratgozel/MIMEText,v3.0.28+incompatible
2026-09-26T16:38:14.623846Z,github.com/OpenHFT/Chronicle-Threads,v0.0.0-20260922182935-c8e1cf2b4931
2026-09-26T16:38:16.153236Z,github.com/postalsys/postal-mime,v3.0.1+incompatible
2026-09-26T16:38:16.567431Z,github.com/patrickfav/armadillo,v1.0.0
2026-09-26T16:38:16.765706Z,github.com/Cloud-Automation/node-modbus,v4.0.9+incompatible
2026-09-26T16:38:17.058558Z,github.com/OpenHFT/Chronicle-Wire,v0.0.0-20260922182840-9f176621a2de
2026-09-26T16:38:17.866227Z,github.com/jimmykane/fit-parser,v6.1.2+incompatible
2026-09-26T16:38:18.336165Z,github.com/rawify/dhcp.js,v0.2.18
2026-09-26T16:38:20.88257Z,github.com/OpenHFT/Java-Runtime-Compiler,v0.0.0-20260922183439-5ac4c0bfbf21
2026-09-26T16:38:21.778388Z,github.com/openhtmltopdf/openhtmltopdf,v0.0.0-20260926102619-cf376120256e
2026-09-26T16:38:23.699081Z,github.com/Pi4J/pi4j,v0.0.0-20260925211209-83fe4caf07cf
2026-09-26T16:38:25.483833Z,github.com/rickfast/consul-client,v0.0.0-20211218155240-e7422ff83348
2026-09-26T16:38:26.522266Z,github.com/samdjstevens/java-totp,v0.0.0-20201105213051-6a047690fa1d
2026-09-26T16:38:27.148237Z,github.com/RepreZen/KaiZen-OpenApi-Parser,v4.0.4+incompatible
2026-09-26T16:38:27.612987Z,github.com/sangupta/bloomfilter,v0.0.0-20220422050511-5c7769f7ed19
2026-09-26T16:38:28.098464Z,github.com/shevek/jarjar,v0.0.0-20200704060109-9a7eca72f958
2026-09-26T16:38:28.966954Z,github.com/robaho/httpserver,v0.0.0-20251008224838-7ed4d2629d06
2026-09-26T16:38:29.593421Z,github.com/onury/accesscontrol,v3.1.1+incompatible
2026-09-26T16:38:35.491254Z,github.com/skjolber/json-log-filter,v0.0.0-20260827202348-ef5dfa3183ef
2026-09-26T16:38:36.829842Z,github.com/skjolber/3d-bin-container-packing,v0.0.0-20260923195046-3e65e80a76f2
2026-09-26T16:38:38.148808Z,github.com/af/envalid,v9.0.0-beta.0.20260920213751-2cd9e9377789+incompatible
2026-09-26T16:38:38.614972Z,github.com/ONSdigital/dp-frontend-release-calendar,v1.35.1
2026-09-26T16:38:38.627687Z,github.com/tomlj/tomlj,v0.0.0-20260926162408-a428c4debbe4
2026-09-26T16:38:39.390421Z,github.com/s3u/JSONPath,v11.1.0+incompatible
2026-09-26T16:38:39.519757Z,github.com/tersesystems/terse-logback,v1.2.0
2026-09-26T16:38:39.763041Z,github.com/aiven-open/cloud-storage-connectors-for-apache-kafka,v3.4.3+incompatible
2026-09-26T16:38:40.508251Z,github.com/enisdenjo/graphql-sse,v2.6.2-0.20260916131610-012d0d61632b+incompatible
2026-09-26T16:38:45.494967Z,github.com/wenweihu86/raft-java,v0.0.0-20210514122037-50761c6900db
2026-09-26T16:38:45.518165Z,github.com/yomorun/hashids-java,v1.0.2
2026-09-26T16:38:47.22857Z,github.com/Tencent/weui-wxss,v2.4.4-0.20210204062104-dbb8026f2240+incompatible
2026-09-26T16:38:47.72399Z,github.com/aiven-open/jdbc-connector-for-apache-kafka,v6.10.0+incompatible
2026-09-26T16:38:53.28792Z,github.com/Tencent/wujie,v2.0.1-0.20260601071948-8383c3913535+incompatible
2026-09-26T16:38:54.549912Z,github.com/tomitribe/tomitribe-util,v0.0.0-20260530235158-aa9323ae19d5
2026-09-26T16:39:25.599843Z,github.com/aiven-open/s3-connector-for-apache-kafka,v2.7.0+incompatible
2026-09-26T16:39:26.674969Z,github.com/Laravel/pint,v1.29.3
2026-09-26T16:39:29.549253Z,github.com/MetaCubeX/gvisor,v0.0.0-20260922041103-e2cbcd6e7400
2026-09-26T16:39:34.772315Z,github.com/aiven-open/bigquery-connector-for-apache-kafka,v2.12.0+incompatible
2026-09-26T16:39:36.093665Z,github.com/di0ks/go-programming-labs/utils,v0.0.0-20260923063354-68a3dc63adfb
2026-09-26T16:39:39.327612Z,github.com/TencentBlueKing/beats,v1.0.0-beta2.0.20150904112054-2866573ddc25
2026-09-26T16:39:46.036756Z,github.com/everscribe/sdk-go,v0.1.0
2026-09-26T16:39:50.652445Z,github.com/theqrl/qrllib,v1.3.1
2026-09-26T16:39:55.41733Z,github.com/openhft/chronicle-core,v0.0.0-20260922182757-4051f1a145f6
2026-09-26T16:39:58.772778Z,github.com/paketo-buildpacks/apache-tomee,v1.20.0
2026-09-26T16:40:04.07271Z,github.com/sreejay-reddy/odyssey/odyssey-go,v0.0.52
2026-09-26T16:40:10.219054Z,github.com/aiven-open/transforms-for-apache-kafka-connect,v1.7.0
2026-09-26T16:40:10.671811Z,github.com/aiven-open/http-connector-for-apache-kafka,v0.9.0
2026-09-26T16:40:11.670073Z,github.com/aiven-open/commons-for-apache-kafka-connect,v3.4.3+incompatible
2026-09-26T16:40:12.770998Z,github.com/TencentBlueKing/bk-apigateway-sdks,v0.0.0-20220421113546-18c3121a1047
2026-09-26T16:40:12.852437Z,github.com/aiven-open/gcs-connector-for-apache-kafka,v0.13.0
2026-09-26T16:40:13.824802Z,github.com/notnmeyer/sorus,v0.0.0-20260926160527-7c6aa42d46ee
2026-09-26T16:40:15.170597Z,github.com/lessthanoptimal/georegression,v0.30.1
2026-09-26T16:40:15.495803Z,github.com/aiven-open/opensearch-connector-for-apache-kafka,v4.1.0+incompatible
2026-09-26T16:40:21.302167Z,github.com/muratgozel/mimetext,v3.0.28+incompatible
2026-09-26T16:40:22.569157Z,github.com/onsdigital/dp-frontend-release-calendar,v1.35.1
2026-09-26T16:40:27.65899Z,github.com/cloud-automation/node-modbus,v4.0.9+incompatible
2026-09-26T16:40:29.96393Z,github.com/Ecwid/consul-api,v1.4.6-0.20220123181641-232550b44e12
2026-09-26T16:40:33.345489Z,github.com/retail-cortex/castor,v1.1.1-0.20260905035725-1ce880f59c65
2026-09-26T16:40:34.193557Z,github.com/DozerMapper/dozer,v7.0.1-0.20240722145134-8efd82f65da1+incompatible
2026-09-26T16:40:34.751486Z,github.com/inferred/FreeBuilder,v2.8.1-0.20241016084453-6a0ba1b7007a+incompatible
2026-09-26T16:40:36.019051Z,github.com/nayuki/QR-Code-generator,v1.8.1-0.20260831193634-3c6d0b3cefb4
2026-09-26T16:40:36.181568Z,github.com/bbottema/simple-java-mail,v4.1.4-0.20260918102845-991e1efa502e+incompatible
2026-09-26T16:40:40.691008Z,github.com/jiaqi/jmxterm,v1.0.5-0.20260908132344-0f77b2ff1d2a
2026-09-26T16:40:44.601745Z,github.com/s3u/jsonpath,v11.1.0+incompatible
2026-09-26T16:40:45.23397Z,github.com/izpack/izpack,v5.0.0-beta5.0.20260924064519-a1cb6ed32fb5+incompatible
2026-09-26T16:40:46.107358Z,github.com/ebitengine/debugui,v0.3.1-0.20260926163545-4233e17202b2
2026-09-26T16:40:46.618881Z,github.com/phxql/argon2-jvm,v2.10.2-0.20250914063456-501a33c0a5fd+incompatible
2026-09-26T16:40:52.256996Z,github.com/memcachier/memjs,v1.3.1
2026-09-26T16:40:52.5406Z,github.com/ekarak/knx,v0.0.0-20240910041437-5e7ff7702dad
2026-09-26T16:40:53.085224Z,github.com/nodertc/stun,v2.1.0+incompatible
2026-09-26T16:40:53.865506Z,github.com/sqlancer/sqlancer,v2.0.1-0.20260920131741-d8e6b158a1a1+incompatible
2026-09-26T16:40:59.275241Z,github.com/ZJONSSON/node-etl,v0.8.0
2026-09-26T16:41:03.256163Z,github.com/n-r-w/pgh/v2,v2.3.1-0.20260926162749-cf195c2e6abc
2026-09-26T16:41:32.86873Z,github.com/RestExpress/RestExpress,v0.8.0-20130109-0742.0.20260227124214-d0ca522224af
2026-09-26T16:41:34.375117Z,github.com/KscSdk/ksc-sdk-go,v0.1.47
2026-09-26T16:41:40.904567Z,github.com/gofurry/steam-go,v1.3.12
2026-09-26T16:41:42.346706Z,github.com/dictybase/modware-content,v0.0.0-20260926161557-c02b4ae46d43
2026-09-26T16:41:43.72296Z,github.com/dictybase/modware-order,v0.0.0-20260926160444-285f40aa9a00
2026-09-26T16:41:44.99883Z,github.com/dictybase/graphql-server,v0.0.0-20260926160516-4314af2ec0b7
2026-09-26T16:41:51.483593Z,github.com/tencent/wcdb,v2.1.17-0.20260410115004-39dd797099d4+incompatible
2026-09-26T16:41:55.818664Z,github.com/hiveot/hivekit/go,v0.0.0-20260926082025-a7b4f7c44734
2026-09-26T16:42:06.858443Z,github.com/hiveot/hivekit,v0.0.0-20260926082025-a7b4f7c44734
2026-09-26T16:42:20.124216Z,github.com/hexya-erp/hexya,v0.2.0
2026-09-26T16:42:54.310933Z,github.com/guardsquare/proguard-core,v9.4.1-0.20260826063456-a8a1e5e882be+incompatible
2026-09-26T16:42:58.68512Z,github.com/LinuxSURen/rss,v1.0.2-0.20211120161457-3f8efe372d7a
2026-09-26T16:43:01.169481Z,github.com/etchv-labs/go-sdk,v1.0.0
2026-09-26T16:43:11.002601Z,github.com/inferred/freebuilder,v2.8.1-0.20241016084453-6a0ba1b7007a+incompatible
2026-09-26T16:43:12.807741Z,github.com/dozermapper/dozer,v7.0.1-0.20240722145134-8efd82f65da1+incompatible
2026-09-26T16:43:17.634306Z,github.com/tencent/mmkv,v0.0.0-20210705024216-200b4decfb47
2026-09-26T16:44:13.527573Z,github.com/monoposer/lowcode-faas,v1.0.1
2026-09-26T16:44:36.735415Z,github.com/ahmdrz/goinsta,v0.0.0-20171208170041-a69948e67b11
2026-09-26T16:44:57.586342Z,github.com/bakdata/fluent-kafka-streams-tests,v0.0.0-20260730160531-c8c0bea60785
2026-09-26T16:44:58.456001Z,github.com/Cosium/git-code-format-maven-plugin,v0.0.0-20260918124909-98fec570e865
2026-09-26T16:44:58.77953Z,github.com/bakdata/kafka-error-handling,v0.0.0-20260731065138-b9006c1a1365
2026-09-26T16:44:58.854625Z,github.com/bakdata/kafka-large-message-serde,v0.0.0-20260826083241-0f39ba53023c
2026-09-26T16:44:59.51229Z,github.com/calimero-project/calimero-core,v2.5.1+incompatible
2026-09-26T16:44:59.717463Z,github.com/basepom/duplicate-finder-maven-plugin,v0.0.0-20240914224516-50e9741e0bfd
2026-09-26T16:45:00.075154Z,github.com/bakdata/streams-bootstrap,v0.0.0-20260820184506-117aaaeba075
2026-09-26T16:45:02.118201Z,github.com/crnk-project/crnk-framework,v0.0.0-20221006043908-4e4dd8970d2b
2026-09-26T16:45:02.464385Z,github.com/congo-cc/congo-parser-generator,v0.0.0-20260919060203-52cc484a6c5e
2026-09-26T16:45:02.853958Z,github.com/cs-au-dk/dk.brics.automaton,v0.0.0-20250914115341-582d8f3502b7
2026-09-26T16:45:03.436001Z,github.com/bitfireAT/dav4jvm,v0.0.0-20260924140659-fd9b20931b0b
2026-09-26T16:45:05.334962Z,github.com/itinycheng/flink-connector-clickhouse,v0.0.0-20251220061011-ac9b1e0462d8
2026-09-26T16:45:07.283339Z,github.com/fizzed/cloudhopper-smpp,v5.0.9+incompatible
2026-09-26T16:45:07.371639Z,github.com/jgitver/jgitver-maven-plugin,v1.2.0
2026-09-26T16:45:08.822101Z,github.com/jgitver/jgitver,v0.7.0
2026-09-26T16:45:08.844401Z,github.com/hprose/hprose-java,v2.0.38+incompatible
2026-09-26T16:45:09.275106Z,github.com/clescot/kafka-connect-http,v0.1.0
2026-09-26T16:45:10.194204Z,github.com/jnr/jnr-a64asm,v0.0.0-20201021173320-1fa84a4bcce3
2026-09-26T16:45:10.542057Z,github.com/j256/cloudwatch-logback-appender,v0.0.0-20260303164335-5631920cba4d
2026-09-26T16:45:11.303575Z,github.com/globalreachtech/tinyradius-netty,v3.1.0+incompatible
2026-09-26T16:45:11.865884Z,github.com/infiniteautomation/BACnet4J,v6.1.0+incompatible
2026-09-26T16:45:12.649314Z,github.com/johanhaleby/occurrent,v0.0.0-20260925084452-10957f4b63fa
2026-09-26T16:45:14.760817Z,github.com/kungfoo/geohash-java,v0.0.0-20220404073106-6e9a2ba881cb
2026-09-26T16:45:15.622169Z,github.com/manuelbl/JavaDoesUSB,v1.3.0
2026-09-26T16:45:16.574195Z,github.com/memiiso/debezium-server-iceberg,v0.0.0-20260911155648-564347d80bcd
2026-09-26T16:45:17.087955Z,github.com/mguenther/kafka-junit,v0.0.0-20241227092049-015fa4381997
2026-09-26T16:45:18.284203Z,github.com/nicoulaj/checksum-maven-plugin,v0.0.0-20220120174611-a1ac84782de8
2026-09-26T16:45:20.855125Z,github.com/loki4j/loki-logback-appender,v2.1.0+incompatible
2026-09-26T16:45:21.007569Z,github.com/TheMMD-X/multitunnel,v0.0.0-20260926153719-438ec859dffe
2026-09-26T16:45:22.242241Z,github.com/jeka-dev/jeka,v0.0.0-20260717194640-b463563e6d89
2026-09-26T16:45:24.376139Z,github.com/mongock/mongock,v1.4.5
2026-09-26T16:45:24.429857Z,github.com/questdb/kafka-questdb-connector,v0.0.0-20260915145228-6b0a0aa47aa3
2026-09-26T16:45:25.30062Z,github.com/rife2/rife2,v0.0.0-20260916092625-a29f90768044
2026-09-26T16:45:25.432672Z,github.com/osiegmar/logback-gelf,v6.1.2+incompatible
2026-09-26T16:45:27.267305Z,github.com/parttimenerd/jfr-query,v0.0.0-20260907120202-082902d82103
2026-09-26T16:45:28.132102Z,github.com/smartboot/smart-socket,v2.1.3+incompatible
2026-09-26T16:45:31.344592Z,github.com/xmlet/HtmlFlow,v0.0.0-20260328151156-f90b3f8f3cb9
2026-09-26T16:45:35.992822Z,github.com/zsmartsystems/com.zsmartsystems.zigbee,v0.0.0-20260405152834-8e13e2abcd18
2026-09-26T16:45:48.380534Z,github.com/qoomon/maven-git-versioning-extension,v9.12.1+incompatible
2026-09-26T16:46:41.205716Z,github.com/zonedb/zonedb,v0.0.0-20171220191730-51d19eb58ecc
2026-09-26T16:47:01.786485Z,github.com/cmu-sei/sbom-plugfest-2024,v0.0.0-20250731172849-870f569f7203
2026-09-26T16:47:30.966197Z,github.com/pHpfox-Official/metafox-package-discover-plugin,v1.5.6
2026-09-26T16:47:57.340908Z,github.com/qovery/Qovery-client-go,v0.0.0-20241203095515-b7bfff7f6c11
2026-09-26T16:48:00.558551Z,github.com/Diogo1080/GoLearning-IdentityMicroService,v0.0.0-20260925135034-03e18d81145a
2026-09-26T16:48:25.874171Z,github.com/diogo1080/golearning-identitymicroservice,v0.0.0-20260925135034-03e18d81145a
2026-09-26T16:48:32.618976Z,github.com/sahil87/fab-kit/src/go/fab,v0.0.0-20260923064254-c752658618cb
2026-09-26T16:49:22.621822Z,github.com/sahil87/fab-kit,v0.0.0-20260923064254-c752658618cb
2026-09-26T16:49:30.37246Z,gitlab.com/eemj/anime-aggregator,v0.0.6-0.20260920122919-985f6c07dce4
2026-09-26T16:49:33.421766Z,github.com/lemmego/oauth2,v0.1.0
2026-09-26T16:49:40.470913Z,github.com/reflectionai/nydus-snapshotter,v0.0.0-20260926164310-fa063f4a151d
2026-09-26T16:50:11.608209Z,github.com/manuelbl/javadoesusb,v1.3.0
2026-09-26T16:50:16.378723Z,github.com/infiniteautomation/bacnet4j,v7.0.0-alpha.5+incompatible
2026-09-26T16:50:44.163805Z,github.com/dirodriguezm/xmatch/service,v0.0.0-20260922192349-4a7ed23c0f31
2026-09-26T16:51:32.628646Z,github.com/diffblue-benchmarks/fluent-kafka-streams-tests,v0.0.0-20190514131644-b955c234fe27
2026-09-26T16:51:33.46422Z,github.com/diffblue-benchmarks/bakdata-fluent-kafka-streams-tests,v0.0.0-20190514131644-b955c234fe27
2026-09-26T16:51:48.175857Z,github.com/tencent/puerts,v1.0.14-0.20260920033918-83aea66daf17
2026-09-26T16:51:49.767974Z,github.com/mendersoftware/deviceauth,v0.0.0-20200908121157-7e65fafacda5
2026-09-26T16:52:03.171321Z,github.com/diffblue-benchmarks/ion-java,v1.0.3
2026-09-26T16:52:14.190389Z,github.com/optimizing-ci-builds/kafdrop,v0.0.0-20220824122809-59b54d35bf13
2026-09-26T16:52:25.751934Z,github.com/dirodriguezm/xmatch,v0.0.0-20260922192349-4a7ed23c0f31
2026-09-26T16:52:37.161124Z,github.com/eandersson/amqpstorm,v0.0.0-20260804202428-d0a32f522988
2026-09-26T16:52:37.232468Z,github.com/Preston-Landers/concurrent-log-handler,v0.0.0-20260414160949-491b4c2442e4
2026-09-26T16:52:37.445462Z,github.com/msoulier/tftpy,v0.0.0-20260818090633-a422daa8cc1d
2026-09-26T16:52:37.751829Z,github.com/rabbitmq-community/rstream,v1.1.0
2026-09-26T16:52:37.842478Z,github.com/RevenueCat/meta-memcache-py,v3.0.1+incompatible
2026-09-26T16:52:38.109847Z,github.com/vpelletier/python-libusb1,v0.0.0-20260516205631-c9d2c1810e45
2026-09-26T16:52:38.181858Z,github.com/arjunguha/bounded_subprocess,v0.0.0-20260824095737-7d73d6eb0a79
2026-09-26T16:52:42.233474Z,github.com/hristo-vrigazov/mmap.ninja,v0.7.4
2026-09-26T16:52:42.25564Z,github.com/MartinScharrer/crccheck,v1.3.1
2026-09-26T16:52:42.457363Z,github.com/mutating/locklib,v0.0.0-20260716103102-f60e5230a65f
2026-09-26T16:52:44.926603Z,github.com/PX4/pyulog,v1.2.4
2026-09-26T16:52:45.295027Z,github.com/pronovic/cedar-backup3,v3.12.0+incompatible
2026-09-26T16:52:46.907437Z,github.com/akornatskyy/wheezy.http,v0.0.0-20260917054732-ab86e5171915
2026-09-26T16:52:47.231208Z,github.com/bareASGI/bareASGI,v0.0.0-20260906145828-10d536d30c0f
2026-09-26T16:52:47.62303Z,github.com/Maillol/aiohttp-pydantic,v3.0.1+incompatible
2026-09-26T16:52:48.734206Z,github.com/akornatskyy/wheezy.routing,v0.0.0-20260917054733-05b0c8ff2775
2026-09-26T16:52:48.999998Z,github.com/akornatskyy/wheezy.web,v0.0.0-20260917054735-9fbe84c49aa6
2026-09-26T16:52:49.659302Z,github.com/alex-oleshkevich/starsessions,v2.2.1+incompatible
2026-09-26T16:52:50.143975Z,github.com/michael-sulyak/aiohttp-rpc,v0.0.0-20260119164723-a5a4ee9bfd51
2026-09-26T16:52:50.829845Z,github.com/poorHttp/PoorWSGI,v1.7.1
2026-09-26T16:52:52.50749Z,github.com/Densaugeo/uploadserver,v0.0.0-20260629054108-ad1ea1e40dac
2026-09-26T16:52:53.93395Z,github.com/emlove/jsonrpc-async,v0.0.0-20250821152205-671c922d4a1e
2026-09-26T16:52:54.637569Z,github.com/dymmond/asyncz,v0.0.0-20260901092552-8b210a1a3f73
2026-09-26T16:52:55.0276Z,github.com/kubewarden/gostubpkg,v0.0.0-20260925074322-d2f41e0dfa28
2026-09-26T16:52:56.047686Z,github.com/Sonic0/cron-converter,v2.0.1+incompatible
2026-09-26T16:52:56.851194Z,github.com/Trim21/transmission-rpc,v7.0.12+incompatible
2026-09-26T16:52:58.561674Z,github.com/snarfed/lexrpc,v0.0.0-20260919145957-3345d878c769
2026-09-26T16:52:59.192811Z,github.com/IngoMeyer441/simple-term-menu,v1.6.6
2026-09-26T16:52:59.867461Z,github.com/taskipy/taskipy,v0.0.0-20241126163516-5a620634219e
2026-09-26T16:53:00.017584Z,github.com/disconnectme/disconnect-tracking-protection,v0.0.0-20260924153927-f71f49d6af7a
2026-09-26T16:53:00.804343Z,github.com/datacoves/dbt-coves,v1.12.2
2026-09-26T16:53:00.808658Z,github.com/szmikler/progress-table,v3.3.4+incompatible
2026-09-26T16:53:02.421499Z,github.com/veltzer/pytsv,v0.0.0-20260924070401-613d5c445480
2026-09-26T16:53:03.117955Z,github.com/reubano/csv2ofx,v0.34.2
2026-09-26T16:53:04.010925Z,github.com/uktrade/stream-zip,v0.0.84
2026-09-26T16:53:04.923837Z,github.com/tradewelltech/protarrow,v0.16.0
2026-09-26T16:53:05.655031Z,github.com/cihai/unihan-etl,v0.43.0
2026-09-26T16:53:07.967346Z,github.com/rogdham/bigxml,v1.2.0
2026-09-26T16:53:07.997626Z,github.com/BrainPad/cliboa,v3.2.2-beta+incompatible
2026-09-26T16:53:08.006562Z,github.com/zifter/clickhouse-migrations,v0.15.0
2026-09-26T16:53:08.014086Z,github.com/pipeline-tools/gusty,v0.23.1
2026-09-26T16:53:09.984349Z,github.com/bdowning/sql-athame,v0.3.16
2026-09-26T16:53:11.28202Z,github.com/cr2007/mcp-wordle-go,v0.0.0-20260716044410-5d1baa30d08f
2026-09-26T16:53:11.34991Z,github.com/sqlobject/sqlobject,v0.0.0-20251208192602-847875ade0f1
2026-09-26T16:53:11.629064Z,github.com/mr-mixas/Nested-Diff.py,v0.0.0-20260822110651-47d612efab93
2026-09-26T16:53:11.778593Z,github.com/fork-tongue/patchdiff,v1.0.0
2026-09-26T16:53:13.272986Z,github.com/tomasfarias/airflow-dbt-python,v3.6.1+incompatible
2026-09-26T16:53:19.156333Z,github.com/poorhttp/poorwsgi,v1.7.1
2026-09-26T16:53:34.95842Z,github.com/discourse/discourse-activity-pub,v0.0.0-20260922091402-7d2ef6f1be31
2026-09-26T16:53:46.439824Z,wayscribe.dev/go,v0.2.0
2026-09-26T16:53:55.783833Z,github.com/d8a-tech/d8a,v1.4.4-0.20260916192133-9f4e25198771
2026-09-26T16:54:02.128722Z,github.com/datera/go-udc,v0.0.0-20180921153209-6185d7b11da5
2026-09-26T16:54:02.918194Z,github.com/snow-ghost/mem,v0.4.4
2026-09-26T16:54:16.829105Z,github.com/clarendonjbbp/parent-square-to-csv,v0.3.5
2026-09-26T16:54:19.732828Z,github.com/anaregdesign/lantern/pb,v0.13.1
2026-09-26T16:54:35.233393Z,github.com/floatdrop/golink,v0.0.0-20260926165247-2c09c4cb60da
2026-09-26T16:54:41.529621Z,github.com/Keyvanhardani/german-ocr,v0.4.0
2026-09-26T16:54:53.712456Z,github.com/disillusioned-labs/ocr-gateway,v0.0.0-20260923071005-b414ee6b39dd
2026-09-26T16:55:01.346834Z,github.com/jamestjsp/controlsys,v1.6.0
2026-09-26T16:55:02.45304Z,github.com/muthuishere/citenexus/golang,v0.13.0
2026-09-26T16:55:12.014785Z,github.com/bigbuildbench/smagafurov_fastapi-jsonrpc,v0.0.0-20241118054403-990bde813387
2026-09-26T16:55:14.846665Z,github.com/revenuecat/meta-memcache-py,v3.0.1+incompatible
2026-09-26T16:55:14.935111Z,github.com/martinscharrer/crccheck,v1.3.1
2026-09-26T16:55:15.064792Z,github.com/ingomeyer441/simple-term-menu,v1.6.6
2026-09-26T16:55:16.174369Z,github.com/maillol/aiohttp-pydantic,v3.0.1+incompatible
2026-09-26T16:55:17.688995Z,github.com/px4/pyulog,v1.2.4
2026-09-26T16:55:17.994646Z,github.com/brainpad/cliboa,v3.2.2-beta+incompatible
2026-09-26T16:55:18.282509Z,github.com/Hail-is/hail,v0.0.0-20260926052210-323da13e0d3d
2026-09-26T16:55:18.930797Z,github.com/trim21/transmission-rpc,v7.0.12+incompatible
2026-09-26T16:55:18.984368Z,github.com/sonic0/cron-converter,v2.0.1+incompatible
2026-09-26T16:55:20.427204Z,github.com/dislogical/cuebe,v0.0.0-20260925055944-9a30cba6d323
2026-09-26T16:55:31.70023Z,github.com/TencentBlueKing/bk-ci,v0.0.0-20230228073956-c6227513602a
2026-09-26T16:55:41.235954Z,github.com/exoscale/karpenter-exoscale,v1.36.5
2026-09-26T16:56:07.24448Z,github.com/muthuishere/citenexus,v0.13.0
2026-09-26T16:57:02.486488Z,github.com/lord-tx/go-terminal-africa,v0.0.0-20260926160808-5ab9eb5a01cb
2026-09-26T16:57:06.254779Z,github.com/etsy/boundary-layer,v0.0.0-20230104140553-c29594957c1f
2026-09-26T16:57:06.718264Z,github.com/velocidex/yaml,v0.0.0-20220106153529-e0a3a015d3f5
2026-09-26T16:57:15.10304Z,github.com/manasray-jazzx/substrate,v0.0.0-20260926162045-5899ac9c7322
2026-09-26T16:57:24.77172Z,github.com/TencentBlueKing/bk-cmdb,v0.0.0-20180402022224-5bf346e32de2
2026-09-26T16:57:29.315571Z,github.com/TencentBlueKing/bk-gse-sdk,v0.0.0-20250519071329-87df191e1fdc
2026-09-26T16:57:29.61204Z,github.com/gaul/s3proxy,v0.0.0-20240925022332-7c5739798673
2026-09-26T16:57:33.925305Z,github.com/RichardKnop/machinery,v1.2.3-0.20180320151435-450b514afc13
2026-09-26T16:57:34.130056Z,github.com/arda-labs/arda/libs/go/arda-time,v0.0.0-20260924093952-c3c96299f064
2026-09-26T16:57:51.272049Z,github.com/Zandero/rest.vertx,v0.0.0-20200328114914-a95bcb64d51f
2026-09-26T16:57:53.139235Z,github.com/TencentBlueking/bk-hcm,v1.6.9-0.20241010072901-d628b43ca9a9
2026-09-26T16:57:57.76886Z,github.com/arda-labs/arda/libs/go/arda-proto,v0.0.0-20260924093952-c3c96299f064
2026-09-26T16:57:58.791397Z,github.com/tencentBlueKing/bk-sops,v0.0.0-20211213025703-731492bbdeee
2026-09-26T16:58:05.307514Z,github.com/togglz/togglz,v0.0.0-20230104213705-846c6236f8c9
2026-09-26T16:58:07.04188Z,github.com/dejitarudemon/axidb-go-protocol,v1.0.0
2026-09-26T16:58:08.920417Z,github.com/openhft/chronicle-threads,v0.0.0-20241115144836-14aa9cb5164f
2026-09-26T16:58:11.274069Z,github.com/TencentBlueKing/bk-sops,v0.0.0-20260910080311-f56ddae574b5
2026-09-26T16:58:17.796404Z,github.com/mobiledgex/edge-cloud,v0.0.0-20200930085213-f9b39d8076fa
2026-09-26T16:58:31.620466Z,github.com/winlibs/openssl,v0.0.0-20260911203243-6e88286c04d5
2026-09-26T16:58:36.304493Z,github.com/snowflakedb/snowflake-cli,v3.28.0+incompatible
2026-09-26T16:59:00.54483Z,github.com/richardknop/machinery,v1.2.3-0.20180320151435-450b514afc13
2026-09-26T16:59:06.574305Z,github.com/vmactions/dragonflybsd-vm,v1.3.4
2026-09-26T16:59:17.347518Z,github.com/scriptella/scriptella-etl,v0.0.0-20160111234002-3e7e13efc5dd
2026-09-26T16:59:23.01209Z,github.com/cojen/maker,v0.0.0-20220710174802-fc340f786d63
2026-09-26T17:00:32.20192Z,github.com/baqend/orestes-bloomfilter,v0.0.0-20240618091519-acd55532f292
2026-09-26T17:01:11.394289Z,github.com/glenkpeterson/paguro,v0.0.0-20241230221702-963e8ed91833
2026-09-26T17:01:17.30264Z,github.com/Hyphen/cli,v0.30.0
2026-09-26T17:01:36.663761Z,github.com/openjdk/jol,v0.0.0-20200813110214-d63813f44879
2026-09-26T17:02:00.692885Z,github.com/md-5/specialsource,v0.0.0-20260921033149-e6b74a31af98
2026-09-26T17:02:09.693944Z,github.com/larry618/eval,v1.2.1-0.20241126144017-c11a5955989e
2026-09-26T17:02:12.684249Z,github.com/hyphen/cli,v0.30.0
2026-09-26T17:02:21.988985Z,github.com/netcrusherorg/netcrusher-java,v0.0.0-20161206052857-f53388016800
2026-09-26T17:02:39.448352Z,github.com/openhft/chronicle-values,v0.0.0-20260922183421-018bb1aaf4e2
2026-09-26T17:02:41.021531Z,github.com/lyft/flyte,v1.16.9
2026-09-26T17:02:49.128395Z,github.com/openhft/chronicle-wire,v0.0.0-20260922182840-9f176621a2de
2026-09-26T17:03:31.253873Z,github.com/django-cms/django-filer,v0.0.0-20260924183155-dfeb36eefc82
2026-09-26T17:03:37.716285Z,github.com/openhft/java-runtime-compiler,v0.0.0-20260922183439-5ac4c0bfbf21
2026-09-26T17:03:43.641564Z,github.com/djangocrm/django-crm,v3.0.2+incompatible
2026-09-26T17:03:59.597416Z,github.com/tencentblueking/bk-ci,v4.2.0-rc.7.0.20260922065422-f588ada1af78+incompatible
2026-09-26T17:04:14.023156Z,github.com/Thingi10K/Thingi10K,v1.5.0
2026-09-26T17:04:21.800235Z,github.com/acronis/go-cti/cmd/cti,v1.0.3-0.20260529082454-8e1bc590c53c
2026-09-26T17:04:22.78588Z,k8s.io/gengo,v0.0.0-20201112083759-e93e3bc4c176
2026-09-26T17:05:02.451137Z,github.com/djc/instant-xml,v0.0.0-20260923150642-814da3adaac6
2026-09-26T17:05:03.602448Z,github.com/profullstack/web,v20180416.0.38+incompatible
2026-09-26T17:05:15.297445Z,github.com/Ultimaker/CuraEngine,v4.4.2-0.20260922073757-741be28fdfec+incompatible
2026-09-26T17:05:15.5157Z,github.com/ecwid/consul-api,v1.4.6-0.20220123181641-232550b44e12
2026-09-26T17:05:17.506555Z,github.com/thingi10k/thingi10k,v1.5.0
2026-09-26T17:05:27.774608Z,github.com/djdembeck/annalist,v0.11.0
2026-09-26T17:05:28.812734Z,github.com/nayuki/qr-code-generator,v1.8.1-0.20260831193634-3c6d0b3cefb4
2026-09-26T17:05:36.051678Z,github.com/djeada/Algorithms-And-Data-Structures,v0.0.0-20260922225736-262ab69dc702
2026-09-26T17:05:52.951475Z,github.com/pajbot/pajbot2,v0.0.0-20260925084843-55d6d979ffa8
2026-09-26T17:06:30.353169Z,github.com/restexpress/restexpress,v0.8.0-20130109-0742.0.20260227124214-d0ca522224af
2026-09-26T17:07:18.478542Z,golift.io/imessage,v0.0.0-20190915083517-eb396ef47ee5
2026-09-26T17:07:20.84035Z,github.com/citadellefr/bref,v0.2.0
2026-09-26T17:07:22.484979Z,golift.io/securityspy,v0.0.0-20190917082657-b2c9a7102c90
2026-09-26T17:07:44.882749Z,github.com/paaavkata/go-logger,v0.1.2
2026-09-26T17:08:03.169168Z,github.com/prusa3d/PrusaSlicer,v0.0.0-20220628140243-1fea671ff107
2026-09-26T17:08:12.696501Z,github.com/TencentBlueking/bkpaas,v1.6.0-beta.1.0.20250811093642-9530e49a7faf
2026-09-26T17:08:13.816377Z,github.com/dj-oyu/rdk-x5_smart-pet-camera,v0.0.0-20260922123529-c9d78bf131c8
2026-09-26T17:08:17.63234Z,github.com/Hashicorp/terraform-exec,v0.19.0
2026-09-26T17:08:37.834139Z,github.com/whiskydumb/yawn,v0.1.0
2026-09-26T17:08:55.6041Z,github.com/d--j/srs-milter,v0.3.5
2026-09-26T17:08:59.294034Z,github.com/d--j/srs-milter/integration,v0.0.0-20260923201955-d0aea70fbf4e
2026-09-26T17:09:08.453173Z,github.com/ultimaker/curaengine,v4.4.2-0.20260922073757-741be28fdfec+incompatible
2026-09-26T17:09:26.592744Z,github.com/kkloudtarus/synapse-ce,v0.2.1
2026-09-26T17:10:11.948475Z,github.com/dkmayer/miSCellaneous_lib,v0.0.0-20260924211038-1e141ff8364b
2026-09-26T17:10:15.152513Z,github.com/kata-containers/community,v0.0.0-20260923080012-ae24de318328
2026-09-26T17:11:00.091533Z,github.com/cosium/git-code-format-maven-plugin,v0.0.0-20260918124909-98fec570e865
2026-09-26T17:11:11.069529Z,github.com/KKloudTarus/synapse-ce,v0.2.1
2026-09-26T17:11:16.028765Z,github.com/kitech/touse/oai,v0.0.0-20260926161721-044905afea0d
2026-09-26T17:11:23.033856Z,github.com/bitfireat/dav4jvm,v0.0.0-20260924140659-fd9b20931b0b
2026-09-26T17:11:25.5084Z,github.com/dkotik/mdcoach,v0.0.6
2026-09-26T17:11:51.010512Z,github.com/Sangwon91/Pormake,v0.2.3
2026-09-26T17:11:55.2226Z,github.com/nukeykt/Nuked-OPN2,v0.0.0-20230810154143-335747d78cb0
2026-09-26T17:11:55.489888Z,github.com/EVentSTore/eventstore-Client-Go/v4,v4.0.0
2026-09-26T17:12:07.406868Z,github.com/tgies/Nuked-OPN2,v0.0.0-20260609062943-dbdc494865ba
2026-09-26T17:12:15.201192Z,github.com/Xuri/excelize,v1.2.1-0.20180402025915-a6fc5a721dfc
2026-09-26T17:12:20.140105Z,github.com/themmd-x/multitunnel,v0.0.0-20260926153719-438ec859dffe
2026-09-26T17:12:43.709626Z,github.com/xmlet/htmlflow,v0.0.0-20260328151156-f90b3f8f3cb9
2026-09-26T17:13:06.658752Z,github.com/kasuganosora/thinkbot,v0.0.0-20260926151529-17dbe83eaf89
2026-09-26T17:13:19.219985Z,github.com/llsavelino/mail-complete,v0.0.0-20260926024223-2afef5bb1e65
2026-09-26T17:13:24.649632Z,github.com/manboster/manboster,v0.2.4-0.20260926164324-3aac0adcf711
2026-09-26T17:13:56.644864Z,github.com/nukeykt/nuked-opn2,v0.0.0-20230810154143-335747d78cb0
2026-09-26T17:14:13.951947Z,gopkg.in/apache/doris.v0,v0.8.2
2026-09-26T17:14:22.699192Z,github.com/TencentBlueKing/blueking-paas,v1.8.0-beta.4.0.20260611093301-9b708d31cf42
2026-09-26T17:14:32.883666Z,github.com/TencentBlueking/gopkg,v0.0.0-20211125032129-14e0b28c67bc
2026-09-26T17:14:35.7085Z,github.com/TencentBlueking/gopsutil,v0.0.0-20220302081433-6baa246efbb4
2026-09-26T17:14:35.984919Z,github.com/TencentBlueKing/gopsutil,v0.0.0-20220302081433-6baa246efbb4
2026-09-26T17:14:45.925939Z,storj.io/picobuf,v0.0.5-0.20260910125046-f7c28e28a45e
2026-09-26T17:14:47.463548Z,github.com/TencentCloud/ckafka-sdk-demo,v0.0.0-20220511033139-2bee52524a39
2026-09-26T17:14:53.480608Z,github.com/dlemmermann/calendarfx,v12.1.2+incompatible
2026-09-26T17:15:02.992763Z,github.com/dlemstra/magick-wasm,v0.0.0-20260925054715-df5b56b478eb
2026-09-26T17:15:48.604505Z,github.com/tudelft-cns-atm/bluesky-gym,v0.1.0
2026-09-26T17:16:12.532288Z,github.com/xjtuacm/OnlineJudge,v0.0.0-20171210084109-9ba4b969fa8e
2026-09-26T17:16:34.73859Z,github.com/ome-projects/ome,v1.2.3-0.20260926164255-042043ae4070
2026-09-26T17:16:50.651914Z,github.com/dlresende/extreme-carpaccio,v0.0.0-20260925160418-51fcb0e9faff
2026-09-26T17:17:29.107062Z,github.com/FullFran/veil,v0.1.0
2026-09-26T17:17:32.876625Z,github.com/gjasny/v4l-utils,v0.0.0-20260317130836-95ad25f6a77a
2026-09-26T17:17:48.462012Z,github.com/hkust-nlp/SimpleRL-reason,v0.0.0-20250803055808-cf1c7858bfc1
2026-09-26T17:18:08.26647Z,github.com/DLXPlugins/wp-plugin-info-card,v0.0.0-20260923182830-fb6d35199a31
2026-09-26T17:18:11.984813Z,github.com/fullfran/veil,v0.1.0
2026-09-26T17:18:29.83103Z,github.com/OpenpeedeeP/depguard,v1.1.0
2026-09-26T17:18:36.140211Z,github.com/sbb-design-systems/lyne-components,v5.10.0+incompatible
2026-09-26T17:18:36.905469Z,github.com/klemens-morgenstern/async,v0.0.0-20260924053312-4618e362ec1d
2026-09-26T17:18:56.788173Z,github.com/sdutacm/onlinejudge3,v0.0.0-20250511065430-6fed3d309282
2026-09-26T17:18:58.390145Z,github.com/preston-landers/concurrent-log-handler,v0.0.0-20260414160949-491b4c2442e4
